renavam,placa,datahora
15,ASD1478,"2009-07-01 00:00:00"
20,JJJ9999,"2009-08-01 00:00:00"
3,JRO0009,"2009-09-01 00:00:00"
17,RTY1489,"2010-01-01 00:00:00"
1,JRO0001,"2010-02-01 00:00:00"
15,ASD1478,"2010-02-01 00:00:00"
12,NBZ0214,"2010-02-01 00:00:00"
15,ASD1478,"2010-02-01 00:00:00"
2,JRO0002,"2010-02-01 00:00:00"
1,JRO0001,"2010-04-01 00:00:00"
2,JRO0002,"2010-04-01 00:00:00"
